population_gnrl_urban,population_gnrl_rural,time_period,Nation
38471261.51,3573833.037,0,argentina
38793803.69,3556178.993,1,argentina
39116345.86,3538524.948,2,argentina
39438888.04,3520870.904,3,argentina
39761430.21,3503216.86,4,argentina
40083972.38,3485562.816,5,argentina
40386364.08,3457040.991,6,argentina
40688755.79,3428519.166,7,argentina
40991147.49,3399997.341,8,argentina
41293539.19,3371475.517,9,argentina
41595930.89,3342953.692,10,argentina
41872920.24,3309255.288,11,argentina
42149909.6,3275556.884,12,argentina
42426898.96,3241858.48,13,argentina
42703888.31,3208160.076,14,argentina
42980877.67,3174461.672,15,argentina
43231907.75,3136098.59,16,argentina
43482937.83,3097735.508,17,argentina
43733967.91,3059372.426,18,argentina
43984998,3021009.344,19,argentina
44236028.08,2982646.262,20,argentina
44462965.36,2940279.474,21,argentina
44689902.63,2897912.685,22,argentina
44916839.91,2855545.897,23,argentina
45143777.19,2813179.108,24,argentina
45370714.47,2770812.32,25,argentina
45559917.51,2724193.275,26,argentina
45749120.56,2677574.231,27,argentina
45938323.6,2630955.186,28,argentina
46127526.65,2584336.142,29,argentina
46316729.69,2537717.097,30,argentina
46471226.04,2487733.999,31,argentina
46625722.39,2437750.9,32,argentina
46780218.74,2387767.802,33,argentina
46934715.09,2337784.703,34,argentina
47089211.45,2287801.605,35,argentina
302666.6822,63093.65882,0,bahamas
306427.1799,63643.54369,1,bahamas
310187.6776,64193.42857,2,bahamas
313948.1754,64743.31344,3,bahamas
317708.6731,65293.19831,4,bahamas
321469.1708,65843.08318,5,bahamas
325036.8465,66290.22306,6,bahamas
328604.5223,66737.36294,7,bahamas
332172.198,67184.50283,8,bahamas
335739.8737,67631.64271,9,bahamas
339307.5494,68078.78259,10,bahamas
342622.5075,68448.51128,11,bahamas
345937.4656,68818.23996,12,bahamas
349252.4238,69187.96865,13,bahamas
352567.3819,69557.69733,14,bahamas
355882.34,69927.42602,15,bahamas
358881.327,70210.98701,16,bahamas
361880.314,70494.548,17,bahamas
364879.301,70778.10899,18,bahamas
367878.288,71061.66998,19,bahamas
370877.275,71345.23097,20,bahamas
373524.5413,71540.03487,21,bahamas
376171.8076,71734.83876,22,bahamas
378819.0739,71929.64266,23,bahamas
381466.3402,72124.44656,24,bahamas
384113.6065,72319.25045,25,bahamas
386384.4402,72425.26576,26,bahamas
388655.2739,72531.28106,27,bahamas
390926.1076,72637.29637,28,bahamas
393196.9413,72743.31167,29,bahamas
395467.775,72849.32698,30,bahamas
397446.1648,72886.44456,31,bahamas
399424.5547,72923.56214,32,bahamas
401402.9445,72960.67972,33,bahamas
403381.3343,72997.79731,34,bahamas
405359.7241,73034.91489,35,bahamas
154283.9648,185473.7202,0,belize
156988.8122,187777.4236,1,belize
159693.6596,190081.127,2,belize
162398.5071,192384.8303,3,belize
165103.3545,194688.5337,4,belize
167808.2019,196992.2371,5,belize
170048.1204,198904.5988,6,belize
172288.0389,200816.9605,7,belize
174527.9573,202729.3223,8,belize
176767.8758,204641.684,9,belize
179007.7943,206554.0457,10,belize
180992.076,208100.6412,11,belize
182976.3577,209647.2367,12,belize
184960.6394,211193.8322,13,belize
186944.9211,212740.4277,14,belize
188929.2028,214287.0232,15,belize
190683.6989,215513.5399,16,belize
192438.195,216740.0566,17,belize
194192.6911,217966.5733,18,belize
195947.1872,219193.09,19,belize
197701.6833,220419.6067,20,belize
199241.4347,221357.3189,21,belize
200781.1861,222295.0311,22,belize
202320.9375,223232.7433,23,belize
203860.6889,224170.4555,24,belize
205400.4403,225108.1677,25,belize
206710.6964,225754.6084,26,belize
208020.9526,226401.049,27,belize
209331.2087,227047.4897,28,belize
210641.4648,227693.9304,29,belize
211951.721,228340.371,30,belize
213030.0303,228706.7049,31,belize
214108.3397,229073.0387,32,belize
215186.6491,229439.3725,33,belize
216264.9585,229805.7063,34,belize
217343.2679,230172.0401,35,belize
7281369.896,3365464.284,0,bolivia
7412665.997,3372758.605,1,bolivia
7543962.099,3380052.925,2,bolivia
7675258.2,3387347.246,3,bolivia
7806554.302,3394641.566,4,bolivia
7937850.403,3401935.887,5,bolivia
8072215.022,3399894.704,6,bolivia
8206579.642,3397853.52,7,bolivia
8340944.261,3395812.337,8,bolivia
8475308.881,3393771.153,9,bolivia
8609673.5,3391729.97,10,bolivia
8739808.687,3381899.145,11,bolivia
8869943.873,3372068.321,12,bolivia
9000079.059,3362237.497,13,bolivia
9130214.245,3352406.673,14,bolivia
9260349.431,3342575.849,15,bolivia
9383474.383,3324872.717,16,bolivia
9506599.336,3307169.584,17,bolivia
9629724.288,3289466.452,18,bolivia
9752849.24,3271763.32,19,bolivia
9875974.193,3254060.187,20,bolivia
9991649.771,3229362.103,21,bolivia
10107325.35,3204664.02,22,bolivia
10223000.93,3179965.936,23,bolivia
10338676.5,3155267.852,24,bolivia
10454352.08,3130569.769,25,bolivia
10561111.15,3099437.041,26,bolivia
10667870.21,3068304.313,27,bolivia
10774629.28,3037171.585,28,bolivia
10881388.34,3006038.857,29,bolivia
10988147.41,2974906.129,30,bolivia
11086188.29,2938382.632,31,bolivia
11184229.16,2901859.135,32,bolivia
11282270.04,2865335.638,33,bolivia
11380310.91,2828812.141,34,bolivia
11478351.79,2792288.644,35,bolivia
174241853.7,28908261.38,0,brazil
176062703.5,28605917.91,1,brazil
177883553.2,28303574.45,2,brazil
179704403,28001230.98,3,brazil
181525252.7,27698887.51,4,brazil
183346102.5,27396544.05,5,brazil
185080556.6,26997623.22,6,brazil
186815010.8,26598702.4,7,brazil
188549464.9,26199781.57,8,brazil
190283919.1,25800860.75,9,brazil
192018373.3,25401939.93,10,brazil
193558733.9,24941334.38,11,brazil
195099094.6,24480728.83,12,brazil
196639455.2,24020123.29,13,brazil
198179815.9,23559517.74,14,brazil
199720176.5,23098912.2,15,brazil
201056726.3,22586763.57,16,brazil
202393276.2,22074614.95,17,brazil
203729826,21562466.32,18,brazil
205066375.8,21050317.7,19,brazil
206402925.6,20538169.07,20,brazil
207535591.4,19985403.1,21,brazil
208668257.1,19432637.14,22,brazil
209800922.9,18879871.17,23,brazil
210933588.6,18327105.2,24,brazil
212066254.4,17774339.24,25,brazil
212987969.6,17190791.42,26,brazil
213909684.9,16607243.6,27,brazil
214831400.2,16023695.79,28,brazil
215753115.5,15440147.97,29,brazil
216674830.8,14856600.15,30,brazil
217348443,14250335.44,31,brazil
218022055.3,13644070.73,32,brazil
218695667.6,13037806.03,33,brazil
219369279.9,12431541.32,34,brazil
220042892.2,11825276.61,35,brazil
86251.00063,189752.2014,0,barbados
86276.31019,190253.702,1,barbados
86301.61975,190755.2027,2,barbados
86326.92931,191256.7033,3,barbados
86352.23887,191758.2039,4,barbados
86377.54843,192259.7046,5,barbados
87271.98701,191700.5254,6,barbados
88166.4256,191141.3462,7,barbados
89060.86418,190582.167,8,barbados
89955.30276,190022.9878,9,barbados
90849.74135,189463.8087,10,barbados
91669.59108,188730.7167,11,barbados
92489.44081,187997.6248,12,barbados
93309.29054,187264.5329,13,barbados
94129.14027,186531.4409,14,barbados
94948.99,185798.349,15,barbados
95677.3327,184890.0785,16,barbados
96405.6754,183981.808,17,barbados
97134.0181,183073.5375,18,barbados
97862.36079,182165.267,19,barbados
98590.70349,181256.9965,20,barbados
99182.06459,180125.6998,21,barbados
99773.4257,178994.4031,22,barbados
100364.7868,177863.1064,23,barbados
100956.1479,176731.8097,24,barbados
101547.509,175600.513,25,barbados
102001.2907,174285.2397,26,barbados
102455.0724,172969.9664,27,barbados
102908.8542,171654.693,28,barbados
103362.6359,170339.4197,29,barbados
103816.4176,169024.1464,30,barbados
104165.3115,167609.5225,31,barbados
104514.2054,166194.8986,32,barbados
104863.0994,164780.2746,33,barbados
105211.9933,163365.6507,34,barbados
105560.8872,161951.0268,35,barbados
15611307.52,2258778.927,0,chile
15756818.6,2252628.494,1,chile
15902329.67,2246478.06,2,chile
16047840.75,2240327.626,3,chile
16193351.83,2234177.193,4,chile
16338862.9,2228026.759,5,chile
16465553.84,2224232.349,6,chile
16592244.78,2220437.939,7,chile
16718935.71,2216643.53,8,chile
16845626.65,2212849.12,9,chile
16972317.59,2209054.71,10,chile
17080581.83,2201639.754,11,chile
17188846.06,2194224.798,12,chile
17297110.3,2186809.842,13,chile
17405374.53,2179394.886,14,chile
17513638.77,2171979.93,15,chile
17601633.27,2161084.445,16,chile
17689627.78,2150188.96,17,chile
17777622.28,2139293.475,18,chile
17865616.78,2128397.99,19,chile
17953611.29,2117502.505,20,chile
18020935,2103464.526,21,chile
18088258.72,2089426.546,22,chile
18155582.43,2075388.567,23,chile
18222906.15,2061350.588,24,chile
18290229.86,2047312.609,25,chile
18338398.2,2030674.646,26,chile
18386566.55,2014036.683,27,chile
18434734.89,1997398.72,28,chile
18482903.23,1980760.757,29,chile
18531071.58,1964122.794,30,chile
18557995.11,1945022.706,31,chile
18584918.64,1925922.618,32,chile
18611842.17,1906822.53,33,chile
18638765.7,1887722.443,34,chile
18665689.24,1868622.355,35,chile
39347527.5,9984879.094,0,colombia
39939783.04,9972760.803,1,colombia
40532038.58,9960642.512,2,colombia
41124294.12,9948524.221,3,colombia
41716549.66,9936405.93,4,colombia
42308805.2,9924287.64,5,colombia
42905601.12,9863900.585,6,colombia
43502397.04,9803513.53,7,colombia
44099192.96,9743126.476,8,colombia
44695988.87,9682739.421,9,colombia
45292784.79,9622352.367,10,colombia
45860197.16,9537466.291,11,colombia
46427609.53,9452580.216,12,colombia
46995021.9,9367694.14,13,colombia
47562434.27,9282808.065,14,colombia
48129846.64,9197921.989,15,colombia
48657151.82,9089504.568,16,colombia
49184457,8981087.146,17,colombia
49711762.18,8872669.725,18,colombia
50239067.37,8764252.304,19,colombia
50766372.55,8655834.882,20,colombia
51255277.08,8527389.321,21,colombia
51744181.61,8398943.76,22,colombia
52233086.14,8270498.199,23,colombia
52721990.67,8142052.637,24,colombia
53210895.2,8013607.076,25,colombia
53658865.43,7867731.164,26,colombia
54106835.65,7721855.252,27,colombia
54554805.87,7575979.341,28,colombia
55002776.09,7430103.429,29,colombia
55450746.31,7284227.517,30,colombia
55845566.62,7122423.092,31,colombia
56240386.92,6960618.667,32,colombia
56635207.22,6798814.243,33,colombia
57030027.52,6637009.818,34,colombia
57424847.83,6475205.393,35,colombia
3843853.441,1157256.943,0,costa_rica
3937920.93,1128199.695,1,costa_rica
4031988.42,1099142.446,2,costa_rica
4126055.909,1070085.198,3,costa_rica
4220123.398,1041027.95,4,costa_rica
4314190.887,1011970.702,5,costa_rica
4414323.585,972667.9065,6,costa_rica
4514456.284,933365.111,7,costa_rica
4614588.982,894062.3156,8,costa_rica
4714721.68,854759.5202,9,costa_rica
4814854.378,815456.7248,10,costa_rica
4916172.256,770181.8689,11,costa_rica
5017490.133,724907.0131,12,costa_rica
5118808.01,679632.1573,13,costa_rica
5220125.888,634357.3015,14,costa_rica
5321443.765,589082.4457,15,costa_rica
5422415.923,538433.2962,16,costa_rica
5523388.081,487784.1467,17,costa_rica
5624360.239,437134.9973,18,costa_rica
5725332.397,386485.8478,19,costa_rica
5826304.555,335836.6983,20,costa_rica
5926447.338,280591.0623,21,costa_rica
6026590.122,225345.4264,22,costa_rica
6126732.905,170099.7905,23,costa_rica
6226875.689,114854.1545,24,costa_rica
6327018.472,59608.51858,25,costa_rica
6363799.887,60840.1998,26,costa_rica
6400581.301,62071.88103,27,costa_rica
6437362.716,63303.56225,28,costa_rica
6474144.13,64535.24347,29,costa_rica
6510925.544,65766.92469,30,costa_rica
6542462.866,66085.4835,31,costa_rica
6574000.188,66404.0423,32,costa_rica
6605537.51,66722.60111,33,costa_rica
6637074.831,67041.15991,34,costa_rica
6668612.153,67359.71872,35,costa_rica
8267237.352,2254892.408,0,dominican_republic
8450722.512,2180153.14,1,dominican_republic
8634207.672,2105413.872,2,dominican_republic
8817692.833,2030674.603,3,dominican_republic
9001177.993,1955935.335,4,dominican_republic
9184663.153,1881196.067,5,dominican_republic
9371791.316,1793080.758,6,dominican_republic
9558919.479,1704965.449,7,dominican_republic
9746047.642,1616850.14,8,dominican_republic
9933175.805,1528734.831,9,dominican_republic
10120303.97,1440619.522,10,dominican_republic
10307159.07,1342719.224,11,dominican_republic
10494014.17,1244818.927,12,dominican_republic
10680869.27,1146918.63,13,dominican_republic
10867724.37,1049018.333,14,dominican_republic
11054579.47,951118.0361,15,dominican_republic
11237401.46,844718.612,16,dominican_republic
11420223.44,738319.1878,17,dominican_republic
11603045.43,631919.7637,18,dominican_republic
11785867.41,525520.3396,19,dominican_republic
11968689.39,419120.9155,20,dominican_republic
12088789.39,360689.0342,21,dominican_republic
12208889.39,302257.1529,22,dominican_republic
12328989.39,243825.2715,23,dominican_republic
12449089.38,185393.3902,24,dominican_republic
12569189.38,126961.5089,25,dominican_republic
12618215.05,127456.7176,26,dominican_republic
12667240.71,127951.9264,27,dominican_republic
12716266.38,128447.1351,28,dominican_republic
12765292.04,128942.3439,29,dominican_republic
12814317.71,129437.5526,30,dominican_republic
12851625.81,129814.4021,31,dominican_republic
12888933.9,130191.2516,32,dominican_republic
12926242,130568.101,33,dominican_republic
12963550.1,130944.9505,34,dominican_republic
13000858.2,131321.8,35,dominican_republic
9786072.58,5649373.13,0,ecuador
9921311.743,5696503.699,1,ecuador
10056550.91,5743634.267,2,ecuador
10191790.07,5790764.836,3,ecuador
10327029.23,5837895.405,4,ecuador
10462268.4,5885025.973,5,ecuador
10593858.91,5924698.158,6,ecuador
10725449.43,5964370.343,7,ecuador
10857039.95,6004042.528,8,ecuador
10988630.47,6043714.713,9,ecuador
11120220.98,6083386.898,10,ecuador
11242756.08,6114889.994,11,ecuador
11365291.18,6146393.09,12,ecuador
11487826.28,6177896.186,13,ecuador
11610361.37,6209399.282,14,ecuador
11732896.47,6240902.378,15,ecuador
11845349.89,6264206.58,16,ecuador
11957803.31,6287510.781,17,ecuador
12070256.73,6310814.983,18,ecuador
12182710.15,6334119.184,19,ecuador
12295163.56,6357423.385,20,ecuador
12397141.26,6372857.127,21,ecuador
12499118.95,6388290.868,22,ecuador
12601096.65,6403724.61,23,ecuador
12703074.34,6419158.351,24,ecuador
12805052.04,6434592.092,25,ecuador
12893762.4,6441315.772,26,ecuador
12982472.77,6448039.451,27,ecuador
13071183.14,6454763.13,28,ecuador
13159893.5,6461486.809,29,ecuador
13248603.87,6468210.489,30,ecuador
13324305.44,6466967.684,31,ecuador
13400007.01,6465724.879,32,ecuador
13475708.58,6464482.074,33,ecuador
13551410.15,6463239.269,34,ecuador
13627111.72,6461996.465,35,ecuador
7989207.648,7998800.452,0,guatemala
8211910.687,8079543.041,1,guatemala
8434613.726,8160285.63,2,guatemala
8657316.766,8241028.218,3,guatemala
8880019.805,8321770.807,4,guatemala
9102722.845,8402513.395,5,guatemala
9325668.642,8474477.686,6,guatemala
9548614.439,8546441.977,7,guatemala
9771560.236,8618406.268,8,guatemala
9994506.032,8690370.56,9,guatemala
10217451.83,8762334.851,10,guatemala
10445315.84,8818790.825,11,guatemala
10673179.85,8875246.799,12,guatemala
10901043.85,8931702.773,13,guatemala
11128907.86,8988158.747,14,guatemala
11356771.87,9044614.722,15,guatemala
11583649.47,9082211.064,16,guatemala
11810527.07,9119807.407,17,guatemala
12037404.68,9157403.75,18,guatemala
12264282.28,9195000.093,19,guatemala
12491159.88,9232596.436,20,guatemala
12711695.38,9249502.044,21,guatemala
12932230.87,9266407.653,22,guatemala
13152766.37,9283313.261,23,guatemala
13373301.86,9300218.869,24,guatemala
13593837.35,9317124.478,25,guatemala
13810905.69,9317595.339,26,guatemala
14027974.02,9318066.201,27,guatemala
14245042.36,9318537.063,28,guatemala
14462110.7,9319007.925,29,guatemala
14679179.03,9319478.787,30,guatemala
14888994.78,9303029.177,31,guatemala
15098810.52,9286579.567,32,guatemala
15308626.26,9270129.957,33,guatemala
15518442,9253680.347,34,guatemala
15728257.74,9237230.738,35,guatemala
201746.7969,561289.5001,0,guyana
203208.9319,562077.4923,1,guyana
204671.0669,562865.4845,2,guyana
206133.2019,563653.4767,3,guyana
207595.3369,564441.4689,4,guyana
209057.4719,565229.4611,5,guyana
209973.3326,565775.8056,6,guyana
210889.1933,566322.1501,7,guyana
211805.054,566868.4946,8,guyana
212720.9148,567414.8391,9,guyana
213636.7755,567961.1835,10,guyana
214192.4414,567530.5802,11,guyana
214748.1074,567099.9768,12,guyana
215303.7733,566669.3735,13,guyana
215859.4393,566238.7701,14,guyana
216415.1053,565808.1667,15,guyana
216638.3259,564519.7265,16,guyana
216861.5466,563231.2862,17,guyana
217084.7673,561942.8459,18,guyana
217307.988,560654.4056,19,guyana
217531.2087,559365.9653,20,guyana
217423.3742,557265.214,21,guyana
217315.5397,555164.4627,22,guyana
217207.7051,553063.7115,23,guyana
217099.8706,550962.9602,24,guyana
216992.0361,548862.2089,25,guyana
216611.2553,546133.6283,26,guyana
216230.4745,543405.0477,27,guyana
215849.6938,540676.467,28,guyana
215468.913,537947.8864,29,guyana
215088.1322,535219.3058,30,guyana
214538.7031,532149.3071,31,guyana
213989.274,529079.3084,32,guyana
213439.8449,526009.3097,33,guyana
212890.4158,522939.311,34,guyana
212340.9867,519869.3123,35,guyana
4567483.278,3712943.26,0,honduras
4689145.676,3719952.543,1,honduras
4810808.074,3726961.827,2,honduras
4932470.472,3733971.11,3,honduras
5054132.87,3740980.393,4,honduras
5175795.268,3747989.677,5,honduras
5303003.891,3740504.147,6,honduras
5430212.514,3733018.617,7,honduras
5557421.137,3725533.087,8,honduras
5684629.76,3718047.557,9,honduras
5811838.384,3710562.026,10,honduras
5938671.326,3691528.844,11,honduras
6065504.268,3672495.662,12,honduras
6192337.21,3653462.48,13,honduras
6319170.152,3634429.298,14,honduras
6446003.094,3615396.116,15,honduras
6572692.359,3586546.061,16,honduras
6699381.624,3557696.006,17,honduras
6826070.889,3528845.951,18,honduras
6952760.154,3499995.896,19,honduras
7079449.419,3471145.841,20,honduras
7204724.599,3433230.311,21,honduras
7329999.778,3395314.782,22,honduras
7455274.957,3357399.253,23,honduras
7580550.136,3319483.724,24,honduras
7705825.315,3281568.195,25,honduras
7826420.721,3234692.905,26,honduras
7947016.126,3187817.616,27,honduras
8067611.532,3140942.326,28,honduras
8188206.937,3094067.037,29,honduras
8308802.343,3047191.747,30,honduras
8423813.579,2992703.091,31,honduras
8538824.816,2938214.434,32,honduras
8653836.053,2883725.777,33,honduras
8768847.29,2829237.12,34,honduras
8883858.526,2774748.464,35,honduras
5535431.88,5022324.9,0,haiti
5689971.895,4969613.163,1,haiti
5844511.911,4916901.425,2,haiti
5999051.926,4864189.688,3,haiti
6153591.941,4811477.951,4,haiti
6308131.957,4758766.213,5,haiti
6468304.218,4688551.168,6,haiti
6628476.479,4618336.123,7,haiti
6788648.739,4548121.079,8,haiti
6948821,4477906.034,9,haiti
7108993.261,4407690.989,10,haiti
7268935.528,4324560.388,11,haiti
7428877.795,4241429.787,12,haiti
7588820.063,4158299.185,13,haiti
7748762.33,4075168.584,14,haiti
7908704.597,3992037.983,15,haiti
8065463.5,3897415.494,16,haiti
8222222.403,3802793.005,17,haiti
8378981.307,3708170.515,18,haiti
8535740.21,3613548.026,19,haiti
8692499.113,3518925.537,20,haiti
8846013.841,3415533.805,21,haiti
8999528.568,3312142.074,22,haiti
9153043.295,3208750.343,23,haiti
9306558.023,3105358.611,24,haiti
9460072.75,3001966.88,25,haiti
9607244.547,2891174.911,26,haiti
9754416.345,2780382.941,27,haiti
9901588.142,2669590.972,28,haiti
10048759.94,2558799.003,29,haiti
10195931.74,2448007.034,30,haiti
10333132.56,2331476.29,31,haiti
10470333.38,2214945.547,32,haiti
10607534.21,2098414.803,33,haiti
10744735.03,1981884.059,34,haiti
10881935.85,1865353.315,35,haiti
1529976.04,1260423.45,0,jamaica
1541645.37,1257932.325,1,jamaica
1553314.7,1255441.201,2,jamaica
1564984.03,1252950.077,3,jamaica
1576653.36,1250458.952,4,jamaica
1588322.69,1247967.828,5,jamaica
1598461.655,1244155.192,6,jamaica
1608600.621,1240342.556,7,jamaica
1618739.586,1236529.92,8,jamaica
1628878.551,1232717.283,9,jamaica
1639017.517,1228904.647,10,jamaica
1646989.697,1223292.603,11,jamaica
1654961.877,1217680.559,12,jamaica
1662934.058,1212068.514,13,jamaica
1670906.238,1206456.47,14,jamaica
1678878.418,1200844.426,15,jamaica
1685077.595,1193931.732,16,jamaica
1691276.771,1187019.039,17,jamaica
1697475.948,1180106.345,18,jamaica
1703675.125,1173193.651,19,jamaica
1709874.301,1166280.958,20,jamaica
1714414.154,1158316.51,21,jamaica
1718954.007,1150352.063,22,jamaica
1723493.859,1142387.615,23,jamaica
1728033.712,1134423.168,24,jamaica
1732573.565,1126458.72,25,jamaica
1735554.517,1117656.194,26,jamaica
1738535.47,1108853.668,27,jamaica
1741516.422,1100051.142,28,jamaica
1744497.375,1091248.616,29,jamaica
1747478.327,1082446.09,30,jamaica
1748439.816,1072665.304,31,jamaica
1749401.305,1062884.519,32,jamaica
1750362.794,1053103.734,33,jamaica
1751324.282,1043322.949,34,jamaica
1752285.771,1033542.164,35,jamaica
95114245.65,24858314.45,0,mexico
96533002.67,24681596.21,1,mexico
97951759.68,24504877.98,2,mexico
99370516.7,24328159.74,3,mexico
100789273.7,24151441.5,4,mexico
102208030.7,23974723.26,5,mexico
103543169.3,23765358.52,6,mexico
104878307.9,23555993.78,7,mexico
106213446.4,23346629.03,8,mexico
107548585,23137264.29,9,mexico
108883723.5,22927899.55,10,mexico
110138257,22660494.36,11,mexico
111392790.4,22393089.17,12,mexico
112647323.8,22125683.98,13,mexico
113901857.2,21858278.79,14,mexico
115156390.6,21590873.6,15,mexico
116309654.2,21269794.43,16,mexico
117462917.7,20948715.26,17,mexico
118616181.3,20627636.09,18,mexico
119769444.9,20306556.91,19,mexico
120922708.5,19985477.74,20,mexico
121967891.4,19618281.57,21,mexico
123013074.3,19251085.39,22,mexico
124058257.3,18883889.22,23,mexico
125103440.2,18516693.05,24,mexico
126148623.1,18149496.87,25,mexico
127074969.3,17743200.61,26,mexico
128001315.5,17336904.34,27,mexico
128927661.6,16930608.07,28,mexico
129854007.8,16524311.81,29,mexico
130780354,16118015.54,30,mexico
131582086.8,15680415.68,31,mexico
132383819.6,15242815.81,32,mexico
133185552.4,14805215.94,33,mexico
133987285.3,14367616.08,34,mexico
134789018.1,13930016.21,35,mexico
3532228.489,2569392.67,0,nicaragua
3576916.476,2577488.392,1,nicaragua
3621604.464,2585584.114,2,nicaragua
3666292.452,2593679.836,3,nicaragua
3710980.439,2601775.558,4,nicaragua
3755668.427,2609871.279,5,nicaragua
3794865.937,2613687.719,6,nicaragua
3834063.447,2617504.159,7,nicaragua
3873260.958,2621320.599,8,nicaragua
3912458.468,2625137.038,9,nicaragua
3951655.979,2628953.478,10,nicaragua
3986669.758,2628627.914,11,nicaragua
4021683.536,2628302.349,12,nicaragua
4056697.315,2627976.784,13,nicaragua
4091711.094,2627651.22,14,nicaragua
4126724.873,2627325.655,15,nicaragua
4157164.503,2623042.299,16,nicaragua
4187604.133,2618758.942,17,nicaragua
4218043.763,2614475.586,18,nicaragua
4248483.393,2610192.229,19,nicaragua
4278923.023,2605908.872,20,nicaragua
4304022.397,2597646.883,21,nicaragua
4329121.77,2589384.893,22,nicaragua
4354221.144,2581122.903,23,nicaragua
4379320.518,2572860.914,24,nicaragua
4404419.892,2564598.924,25,nicaragua
4424487.808,2552987.003,26,nicaragua
4444555.724,2541375.082,27,nicaragua
4464623.64,2529763.16,28,nicaragua
4484691.556,2518151.239,29,nicaragua
4504759.473,2506539.317,30,nicaragua
4519792.641,2491980.025,31,nicaragua
4534825.81,2477420.733,32,nicaragua
4549858.979,2462861.44,33,nicaragua
4564892.148,2448302.148,34,nicaragua
4579925.316,2433742.856,35,nicaragua
2518317.957,1257271.184,0,panama
2561643.506,1263223.602,1,panama
2604969.055,1269176.019,2,panama
2648294.605,1275128.437,3,panama
2691620.154,1281080.854,4,panama
2734945.703,1287033.272,5,panama
2779026.773,1289969.963,6,panama
2823107.844,1292906.653,7,panama
2867188.914,1295843.344,8,panama
2911269.984,1298780.035,9,panama
2955351.054,1301716.726,10,panama
2998583.155,1302416.239,11,panama
3041815.255,1303115.752,12,panama
3085047.356,1303815.265,13,panama
3128279.456,1304514.779,14,panama
3171511.557,1305214.292,15,panama
3212528.749,1303334.638,16,panama
3253545.941,1301454.984,17,panama
3294563.132,1299575.329,18,panama
3335580.324,1297695.675,19,panama
3376597.516,1295816.021,20,panama
3415416.953,1291640.906,21,panama
3454236.39,1287465.792,22,panama
3493055.827,1283290.677,23,panama
3531875.264,1279115.563,24,panama
3570694.701,1274940.448,25,panama
3606329.095,1268397.96,26,panama
3641963.489,1261855.473,27,panama
3677597.883,1255312.985,28,panama
3713232.277,1248770.497,29,panama
3748866.671,1242228.009,30,panama
3780983.462,1233525.721,31,panama
3813100.253,1224823.433,32,panama
3845217.044,1216121.145,33,panama
3877333.835,1207418.857,34,panama
3909450.627,1198716.568,35,panama
23490161.08,6874576.615,0,peru
23696608.06,6882975.937,1,peru
23903055.04,6891375.258,2,peru
24109502.01,6899774.579,3,peru
24315948.99,6908173.9,4,peru
24522395.97,6916573.222,5,peru
24710801.56,6906160.655,6,peru
24899207.15,6895748.088,7,peru
25087612.75,6885335.521,8,peru
25276018.34,6874922.954,9,peru
25464423.93,6864510.387,10,peru
25627324.9,6844103.051,11,peru
25790225.87,6823695.715,12,peru
25953126.84,6803288.379,13,peru
26116027.8,6782881.044,14,peru
26278928.77,6762473.708,15,peru
26409840.16,6731497.443,16,peru
26540751.55,6700521.179,17,peru
26671662.94,6669544.914,18,peru
26802574.33,6638568.65,19,peru
26933485.71,6607592.386,20,peru
27034847.99,6567824.628,21,peru
27136210.26,6528056.87,22,peru
27237572.54,6488289.112,23,peru
27338934.81,6448521.353,24,peru
27440297.08,6408753.595,25,peru
27509826.08,6360764.866,26,peru
27579355.08,6312776.137,27,peru
27648884.08,6264787.408,28,peru
27718413.07,6216798.679,29,peru
27787942.07,6168809.95,30,peru
27824410.77,6113457.087,31,peru
27860879.48,6058104.224,32,peru
27897348.19,6002751.361,33,peru
27933816.89,5947398.497,34,peru
27970285.6,5892045.634,35,peru
4243972.295,2741990.331,0,paraguay
4325400.209,2763728.557,1,paraguay
4406828.122,2785466.784,2,paraguay
4488256.036,2807205.011,3,paraguay
4569683.949,2828943.238,4,paraguay
4651111.863,2850681.464,5,paraguay
4732521.307,2865946.568,6,paraguay
4813930.751,2881211.672,7,paraguay
4895340.195,2896476.776,8,paraguay
4976749.639,2911741.88,9,paraguay
5058159.082,2927006.984,10,paraguay
5136766.08,2936723.923,11,paraguay
5215373.077,2946440.862,12,paraguay
5293980.075,2956157.801,13,paraguay
5372587.072,2965874.74,14,paraguay
5451194.069,2975591.679,15,paraguay
5527095,2980320.087,16,paraguay
5602995.931,2985048.495,17,paraguay
5678896.861,2989776.903,18,paraguay
5754797.792,2994505.311,19,paraguay
5830698.723,2999233.719,20,paraguay
5902905.724,2998955.914,21,paraguay
5975112.725,2998678.109,22,paraguay
6047319.726,2998400.304,23,paraguay
6119526.727,2998122.499,24,paraguay
6191733.729,2997844.694,25,paraguay
6259008.339,2992507.626,26,paraguay
6326282.949,2987170.557,27,paraguay
6393557.559,2981833.488,28,paraguay
6460832.17,2976496.42,29,paraguay
6528106.78,2971159.351,30,paraguay
6589737.3,2961034.134,31,paraguay
6651367.819,2950908.916,32,paraguay
6712998.339,2940783.699,33,paraguay
6774628.859,2930658.482,34,paraguay
6836259.379,2920533.264,35,paraguay
4393785.873,1910067.604,0,el_salvador
4446966.174,1872743.286,1,el_salvador
4500146.474,1835418.968,2,el_salvador
4553326.774,1798094.65,3,el_salvador
4606507.074,1760770.333,4,el_salvador
4659687.374,1723446.015,5,el_salvador
4711438.801,1677489.887,6,el_salvador
4763190.228,1631533.759,7,el_salvador
4814941.655,1585577.631,8,el_salvador
4866693.082,1539621.503,9,el_salvador
4918444.509,1493665.375,10,el_salvador
4963309.134,1445497.433,11,el_salvador
5008173.758,1397329.491,12,el_salvador
5053038.383,1349161.549,13,el_salvador
5097903.007,1300993.607,14,el_salvador
5142767.631,1252825.665,15,el_salvador
5182994.45,1204073.028,16,el_salvador
5223221.269,1155320.391,17,el_salvador
5263448.088,1106567.755,18,el_salvador
5303674.907,1057815.118,19,el_salvador
5343901.725,1009062.482,20,el_salvador
5380029.127,960460.8773,21,el_salvador
5416156.529,911859.273,22,el_salvador
5452283.931,863257.6687,23,el_salvador
5488411.333,814656.0645,24,el_salvador
5524538.735,766054.4602,25,el_salvador
5554582.812,717899.8068,26,el_salvador
5584626.888,669745.1534,27,el_salvador
5614670.965,621590.4999,28,el_salvador
5644715.042,573435.8465,29,el_salvador
5674759.119,525281.1931,30,el_salvador
5697941.933,478192.4915,31,el_salvador
5721124.748,431103.7899,32,el_salvador
5744307.562,384015.0883,33,el_salvador
5767490.377,336926.3867,34,el_salvador
5790673.191,289837.6851,35,el_salvador
362385.0738,186184.5202,0,suriname
365400.9833,187837.9105,1,suriname
368416.8928,189491.3008,2,suriname
371432.8023,191144.6911,3,suriname
374448.7119,192798.0813,4,suriname
377464.6214,194451.4716,5,suriname
381982.5523,194243.1043,6,suriname
386500.4832,194034.737,7,suriname
391018.4142,193826.3696,8,suriname
395536.3451,193618.0023,9,suriname
400054.276,193409.635,10,suriname
404369.6705,192932.9099,11,suriname
408685.0651,192456.1847,12,suriname
413000.4596,191979.4596,13,suriname
417315.8541,191502.7345,14,suriname
421631.2486,191026.0094,15,suriname
425635.1683,190263.1117,16,suriname
429639.0881,189500.2139,17,suriname
433643.0078,188737.3162,18,suriname
437646.9275,187974.4185,19,suriname
441650.8473,187211.5207,20,suriname
445270.1518,186168.7858,21,suriname
448889.4563,185126.0509,22,suriname
452508.7608,184083.316,23,suriname
456128.0653,183040.5811,24,suriname
459747.3697,181997.8463,25,suriname
463023.6598,180729.0982,26,suriname
466299.9499,179460.3501,27,suriname
469576.24,178191.602,28,suriname
472852.5301,176922.8539,29,suriname
476128.8201,175654.1059,30,suriname
479099.9967,174204.6713,31,suriname
482071.1733,172755.2367,32,suriname
485042.3498,171305.8022,33,suriname
488013.5264,169856.3676,34,suriname
490984.7029,168406.9331,35,suriname
725517.7565,635168.2085,0,trinidad_and_tobago
725795.335,637057.4554,1,trinidad_and_tobago
726072.9134,638946.7024,2,trinidad_and_tobago
726350.4919,640835.9493,3,trinidad_and_tobago
726628.0703,642725.1963,4,trinidad_and_tobago
726905.6488,644614.4432,5,trinidad_and_tobago
730708.8185,640692.4827,6,trinidad_and_tobago
734511.9883,636770.5221,7,trinidad_and_tobago
738315.158,632848.5616,8,trinidad_and_tobago
742118.3278,628926.601,9,trinidad_and_tobago
745921.4976,625004.6404,10,trinidad_and_tobago
748609.6316,620206.1642,11,trinidad_and_tobago
751297.7657,615407.6879,12,trinidad_and_tobago
753985.8997,610609.2117,13,trinidad_and_tobago
756674.0338,605810.7354,14,trinidad_and_tobago
759362.1679,601012.2591,15,trinidad_and_tobago
761243.84,595715.0782,16,trinidad_and_tobago
763125.512,590417.8974,17,trinidad_and_tobago
765007.1841,585120.7165,18,trinidad_and_tobago
766888.8562,579823.5356,19,trinidad_and_tobago
768770.5283,574526.3547,20,trinidad_and_tobago
769709.1274,568728.2662,21,trinidad_and_tobago
770647.7266,562930.1776,22,trinidad_and_tobago
771586.3257,557132.0891,23,trinidad_and_tobago
772524.9248,551334.0006,24,trinidad_and_tobago
773463.524,545535.912,25,trinidad_and_tobago
773307.7602,539237.9854,26,trinidad_and_tobago
773151.9965,532940.0587,27,trinidad_and_tobago
772996.2328,526642.132,28,trinidad_and_tobago
772840.469,520344.2054,29,trinidad_and_tobago
772684.7053,514046.2787,30,trinidad_and_tobago
771374.4448,507320.53,31,trinidad_and_tobago
770064.1843,500594.7813,32,trinidad_and_tobago
768753.9238,493869.0326,33,trinidad_and_tobago
767443.6633,487143.2839,34,trinidad_and_tobago
766133.4028,480417.5352,35,trinidad_and_tobago
3233446.442,168390.951,0,uruguay
3244552.792,162120.9124,1,uruguay
3255659.142,155850.8738,2,uruguay
3266765.493,149580.8352,3,uruguay
3277871.843,143310.7966,4,uruguay
3288978.193,137040.758,5,uruguay
3297568.759,131859.5072,6,uruguay
3306159.325,126678.2564,7,uruguay
3314749.891,121497.0056,8,uruguay
3323340.457,116315.7548,9,uruguay
3331931.023,111134.504,10,uruguay
3338469.431,105847.6122,11,uruguay
3345007.838,100560.7204,12,uruguay
3351546.246,95273.82868,13,uruguay
3358084.653,89986.93692,14,uruguay
3364623.061,84700.04516,15,uruguay
3368293.03,79344.38138,16,uruguay
3371962.998,73988.71761,17,uruguay
3375632.967,68633.05384,18,uruguay
3379302.936,63277.39006,19,uruguay
3382972.905,57921.72629,20,uruguay
3383789.744,52566.10232,21,uruguay
3384606.583,47210.47835,22,uruguay
3385423.423,41854.85439,23,uruguay
3386240.262,36499.23042,24,uruguay
3387057.102,31143.60645,25,uruguay
3385142.947,25854.38066,26,uruguay
3383228.792,20565.15487,27,uruguay
3381314.637,15275.92908,28,uruguay
3379400.482,9986.703295,29,uruguay
3377486.326,4697.477506,30,uruguay
3361812.599,10422.86623,31,uruguay
3346138.872,16148.25495,32,uruguay
3330465.145,21873.64367,33,uruguay
3314791.417,27599.03239,34,uruguay
3299117.69,33324.42111,35,uruguay
27471024.98,3692928.486,0,venezuela
27820603.13,3751222.308,1,venezuela
28170181.28,3809516.131,2,venezuela
28519759.42,3867809.953,3,venezuela
28869337.57,3926103.775,4,venezuela
29218915.71,3984397.597,5,venezuela
29653337.53,3931124.95,6,venezuela
30087759.35,3877852.303,7,venezuela
30522181.17,3824579.656,8,venezuela
30956602.99,3771307.009,9,venezuela
31391024.81,3718034.362,10,venezuela
31808828.83,3651246.828,11,venezuela
32226632.84,3584459.293,12,venezuela
32644436.86,3517671.759,13,venezuela
33062240.88,3450884.225,14,venezuela
33480044.9,3384096.69,15,venezuela
33868305.24,3304087.369,16,venezuela
34256565.57,3224078.048,17,venezuela
34644825.91,3144068.726,18,venezuela
35033086.25,3064059.405,19,venezuela
35421346.59,2984050.084,20,venezuela
35777479.21,2892575.374,21,venezuela
36133611.84,2801100.664,22,venezuela
36489744.47,2709625.954,23,venezuela
36845877.1,2618151.244,24,venezuela
37202009.73,2526676.534,25,venezuela
37524351.52,2425589.901,26,venezuela
37846693.32,2324503.268,27,venezuela
38169035.12,2223416.635,28,venezuela
38491376.91,2122330.002,29,venezuela
38813718.71,2021243.369,30,venezuela
39098431.84,1912307.344,31,venezuela
39383144.98,1803371.32,32,venezuela
39667858.11,1694435.296,33,venezuela
39952571.24,1585499.271,34,venezuela
40237284.37,1476563.247,35,venezuela
