"population_urban","population_rural","time_period","nation"
38471261.51325,3573833.03675,0,"Argentina"
38793803.6874,3556178.9926,1,"Argentina"
39116345.86155,3538524.94845,2,"Argentina"
39438888.0357,3520870.9043,3,"Argentina"
39761430.20985,3503216.86015,4,"Argentina"
40083972.384,3485562.816,5,"Argentina"
40386364.0848376,3457040.99116244,6,"Argentina"
40688755.7856751,3428519.16632489,7,"Argentina"
40991147.4865127,3399997.34148733,8,"Argentina"
41293539.1873502,3371475.51664978,9,"Argentina"
41595930.8881878,3342953.69181222,10,"Argentina"
41872920.2440733,3309255.28792666,11,"Argentina"
42149909.5999589,3275556.88404111,12,"Argentina"
42426898.9558444,3241858.48015555,13,"Argentina"
42703888.31173,3208160.07627,14,"Argentina"
42980877.6676156,3174461.67238444,15,"Argentina"
43231907.7495971,3136098.59040289,16,"Argentina"
43482937.8315787,3097735.50842133,17,"Argentina"
43733967.9135602,3059372.42643977,18,"Argentina"
43984997.9955418,3021009.34445822,19,"Argentina"
44236028.0775233,2982646.26247666,20,"Argentina"
44462965.3560805,2940279.47391955,21,"Argentina"
44689902.6346376,2897912.68536244,22,"Argentina"
44916839.9131947,2855545.89680533,23,"Argentina"
45143777.1917518,2813179.10824822,24,"Argentina"
45370714.4703089,2770812.31969111,25,"Argentina"
45559917.5148177,2724193.27518233,26,"Argentina"
45749120.5593264,2677574.23067355,27,"Argentina"
45938323.6038352,2630955.18616478,28,"Argentina"
46127526.648344,2584336.141656,29,"Argentina"
46316729.6928528,2537717.09714722,30,"Argentina"
46471226.0433522,2487733.99864778,31,"Argentina"
46625722.3938517,2437750.90014833,32,"Argentina"
46780218.7443511,2387767.80164889,33,"Argentina"
46934715.0948506,2337784.70314944,34,"Argentina"
47089211.44535,2287801.60465,35,"Argentina"
302666.6821775,63093.6588225,0,"Bahamas"
306427.179906,63643.543694,1,"Bahamas"
310187.6776345,64193.4285655,2,"Bahamas"
313948.175363,64743.313437,3,"Bahamas"
317708.6730915,65293.1983085,4,"Bahamas"
321469.17082,65843.08318,5,"Bahamas"
325036.8465376,66290.2230624,6,"Bahamas"
328604.5222552,66737.3629448,7,"Bahamas"
332172.1979728,67184.5028272,8,"Bahamas"
335739.8736904,67631.6427096,9,"Bahamas"
339307.549408,68078.782592,10,"Bahamas"
342622.507523111,68448.5112768889,11,"Bahamas"
345937.465638222,68818.2399617778,12,"Bahamas"
349252.423753333,69187.9686466667,13,"Bahamas"
352567.381868444,69557.6973315556,14,"Bahamas"
355882.339983556,69927.4260164445,15,"Bahamas"
358881.326993244,70210.9870067556,16,"Bahamas"
361880.314002933,70494.5479970667,17,"Bahamas"
364879.301012622,70778.1089873778,18,"Bahamas"
367878.288022311,71061.6699776889,19,"Bahamas"
370877.275032,71345.230968,20,"Bahamas"
373524.541334889,71540.0348651112,21,"Bahamas"
376171.807637778,71734.8387622223,22,"Bahamas"
378819.073940667,71929.6426593334,23,"Bahamas"
381466.340243556,72124.4465564445,24,"Bahamas"
384113.606546444,72319.2504535556,25,"Bahamas"
386384.4402416,72425.2657584,26,"Bahamas"
388655.273936756,72531.2810632445,27,"Bahamas"
390926.107631911,72637.2963680889,28,"Bahamas"
393196.941327067,72743.3116729334,29,"Bahamas"
395467.775022222,72849.3269777778,30,"Bahamas"
397446.164840311,72886.4445596889,31,"Bahamas"
399424.5546584,72923.5621416001,32,"Bahamas"
401402.944476489,72960.6797235111,33,"Bahamas"
403381.334294578,72997.7973054223,34,"Bahamas"
405359.724112667,73034.9148873334,35,"Bahamas"
154283.9647585,185473.7202415,0,"Belize"
156988.8121948,187777.4236052,1,"Belize"
159693.6596311,190081.1269689,2,"Belize"
162398.5070674,192384.8303326,3,"Belize"
165103.3545037,194688.5336963,4,"Belize"
167808.20194,196992.23706,5,"Belize"
170048.120406222,198904.598793778,6,"Belize"
172288.038872444,200816.960527556,7,"Belize"
174527.957338667,202729.322261333,8,"Belize"
176767.875804889,204641.683995111,9,"Belize"
179007.794271111,206554.045728889,10,"Belize"
180992.075973378,208100.641226622,11,"Belize"
182976.357675644,209647.236724356,12,"Belize"
184960.639377911,211193.832222089,13,"Belize"
186944.921080178,212740.427719822,14,"Belize"
188929.202782444,214287.023217556,15,"Belize"
190683.698883622,215513.539916378,16,"Belize"
192438.1949848,216740.0566152,17,"Belize"
194192.691085978,217966.573314022,18,"Belize"
195947.187187156,219193.090012844,19,"Belize"
197701.683288333,220419.606711667,20,"Belize"
199241.434691822,221357.318908178,21,"Belize"
200781.186095311,222295.031104689,22,"Belize"
202320.9374988,223232.7433012,23,"Belize"
203860.688902289,224170.455497711,24,"Belize"
205400.440305778,225108.167694222,25,"Belize"
206710.696435511,225754.608364489,26,"Belize"
208020.952565245,226401.049034755,27,"Belize"
209331.208694978,227047.489705022,28,"Belize"
210641.464824711,227693.930375289,29,"Belize"
211951.720954445,228340.371045555,30,"Belize"
213030.030347289,228706.704852711,31,"Belize"
214108.339740133,229073.038659867,32,"Belize"
215186.649132978,229439.372467022,33,"Belize"
216264.958525822,229805.706274178,34,"Belize"
217343.267918667,230172.040081333,35,"Belize"
7281369.895702,3365464.284298,0,"Bolivia"
7412665.9971616,3372758.6048384,1,"Bolivia"
7543962.0986212,3380052.9253788,2,"Bolivia"
7675258.2000808,3387347.2459192,3,"Bolivia"
7806554.3015404,3394641.5664596,4,"Bolivia"
7937850.403,3401935.887,5,"Bolivia"
8072215.02249011,3399894.70350989,6,"Bolivia"
8206579.64198022,3397853.52001978,7,"Bolivia"
8340944.26147033,3395812.33652967,8,"Bolivia"
8475308.88096044,3393771.15303956,9,"Bolivia"
8609673.50045055,3391729.96954944,10,"Bolivia"
8739808.686508,3381899.145492,11,"Bolivia"
8869943.87256544,3372068.32143456,12,"Bolivia"
9000079.05862289,3362237.49737711,13,"Bolivia"
9130214.24468033,3352406.67331967,14,"Bolivia"
9260349.43073778,3342575.84926222,15,"Bolivia"
9383474.38315489,3324872.71684511,16,"Bolivia"
9506599.335572,3307169.584428,17,"Bolivia"
9629724.28798911,3289466.45201089,18,"Bolivia"
9752849.24040622,3271763.31959378,19,"Bolivia"
9875974.19282333,3254060.18717667,20,"Bolivia"
9991649.77054978,3229362.10345022,21,"Bolivia"
10107325.3482762,3204664.01972378,22,"Bolivia"
10223000.9260027,3179965.93599733,23,"Bolivia"
10338676.5037291,3155267.85227089,24,"Bolivia"
10454352.0814556,3130569.76854444,25,"Bolivia"
10561111.1473211,3099437.04067889,26,"Bolivia"
10667870.2131867,3068304.31281333,27,"Bolivia"
10774629.2790522,3037171.58494778,28,"Bolivia"
10881388.3449178,3006038.85708222,29,"Bolivia"
10988147.4107833,2974906.12921667,30,"Bolivia"
11086188.2857993,2938382.63220067,31,"Bolivia"
11184229.1608153,2901859.13518467,32,"Bolivia"
11282270.0358313,2865335.63816867,33,"Bolivia"
11380310.9108473,2828812.14115267,34,"Bolivia"
11478351.7858633,2792288.64413667,35,"Bolivia"
174241853.72127,28908261.37873,0,"Brazil"
176062703.468016,28605917.911984,1,"Brazil"
177883553.214762,28303574.445238,2,"Brazil"
179704402.961508,28001230.978492,3,"Brazil"
181525252.708254,27698887.511746,4,"Brazil"
183346102.455,27396544.045,5,"Brazil"
185080556.618893,26997623.2211067,6,"Brazil"
186815010.782787,26598702.3972133,7,"Brazil"
188549464.94668,26199781.57332,8,"Brazil"
190283919.110573,25800860.7494267,9,"Brazil"
192018373.274467,25401939.9255333,10,"Brazil"
193558733.920527,24941334.3794733,11,"Brazil"
195099094.566587,24480728.8334133,12,"Brazil"
196639455.212647,24020123.2873533,13,"Brazil"
198179815.858707,23559517.7412933,14,"Brazil"
199720176.504767,23098912.1952333,15,"Brazil"
201056726.329743,22586763.5702567,16,"Brazil"
202393276.15472,22074614.94528,17,"Brazil"
203729825.979697,21562466.3203034,18,"Brazil"
205066375.804673,21050317.6953267,19,"Brazil"
206402925.62965,20538169.07035,20,"Brazil"
207535591.37604,19985403.10396,21,"Brazil"
208668257.12243,19432637.13757,22,"Brazil"
209800922.86882,18879871.17118,23,"Brazil"
210933588.61521,18327105.20479,24,"Brazil"
212066254.3616,17774339.2384,25,"Brazil"
212987969.639397,17190791.4206034,26,"Brazil"
213909684.917193,16607243.6028067,27,"Brazil"
214831400.19499,16023695.78501,28,"Brazil"
215753115.472787,15440147.9672134,29,"Brazil"
216674830.750583,14856600.1494167,30,"Brazil"
217348443.038707,14250335.4412934,31,"Brazil"
218022055.32683,13644070.73317,32,"Brazil"
218695667.614953,13037806.0250467,33,"Brazil"
219369279.903077,12431541.3169234,34,"Brazil"
220042892.1912,11825276.6088,35,"Brazil"
86251.000625,189752.201375,0,"Barbados"
86276.310186,190253.702014,1,"Barbados"
86301.619747,190755.202653,2,"Barbados"
86326.929308,191256.703292,3,"Barbados"
86352.238869,191758.203931,4,"Barbados"
86377.54843,192259.70457,5,"Barbados"
87271.9870134231,191700.525386577,6,"Barbados"
88166.4255968462,191141.346203154,7,"Barbados"
89060.8641802692,190582.167019731,8,"Barbados"
89955.3027636923,190022.987836308,9,"Barbados"
90849.7413471154,189463.808652885,10,"Barbados"
91669.5910786505,188730.71672135,11,"Barbados"
92489.4408101855,187997.624789815,12,"Barbados"
93309.2905417205,187264.532858279,13,"Barbados"
94129.1402732556,186531.440926744,14,"Barbados"
94948.9900047906,185798.348995209,15,"Barbados"
95677.332701653,184890.078498347,16,"Barbados"
96405.6753985154,183981.808001485,17,"Barbados"
97134.0180953778,183073.537504622,18,"Barbados"
97862.3607922402,182165.26700776,19,"Barbados"
98590.7034891026,181256.996510897,20,"Barbados"
99182.0645949025,180125.699805097,21,"Barbados"
99773.4257007026,178994.403099297,22,"Barbados"
100364.786806503,177863.106393497,23,"Barbados"
100956.147912303,176731.809687697,24,"Barbados"
101547.509018103,175600.512981897,25,"Barbados"
102001.290733414,174285.239666586,26,"Barbados"
102455.072448725,172969.966351275,27,"Barbados"
102908.854164036,171654.693035964,28,"Barbados"
103362.635879347,170339.419720653,29,"Barbados"
103816.417594658,169024.146405342,30,"Barbados"
104165.311514203,167609.522485797,31,"Barbados"
104514.205433749,166194.898566251,32,"Barbados"
104863.099353294,164780.274646706,33,"Barbados"
105211.993272839,163365.650727161,34,"Barbados"
105560.887192385,161951.026807615,35,"Barbados"
15611307.52272,2258778.92728,0,"Chile"
15756818.598336,2252628.493664,1,"Chile"
15902329.673952,2246478.060048,2,"Chile"
16047840.749568,2240327.626432,3,"Chile"
16193351.825184,2234177.192816,4,"Chile"
16338862.9008,2228026.7592,5,"Chile"
16465553.8386633,2224232.34933667,6,"Chile"
16592244.7765267,2220437.93947333,7,"Chile"
16718935.71439,2216643.52961,8,"Chile"
16845626.6522533,2212849.11974667,9,"Chile"
16972317.5901167,2209054.70988333,10,"Chile"
17080581.8261133,2201639.75388667,11,"Chile"
17188846.06211,2194224.79789,12,"Chile"
17297110.2981067,2186809.84189333,13,"Chile"
17405374.5341033,2179394.88589667,14,"Chile"
17513638.7701,2171979.9299,15,"Chile"
17601633.273111,2161084.444889,16,"Chile"
17689627.776122,2150188.959878,17,"Chile"
17777622.279133,2139293.474867,18,"Chile"
17865616.782144,2128397.989856,19,"Chile"
17953611.285155,2117502.504845,20,"Chile"
18020935.0003947,2103464.52560533,21,"Chile"
18088258.7156343,2089426.54636566,22,"Chile"
18155582.430874,2075388.567126,23,"Chile"
18222906.1461137,2061350.58788633,24,"Chile"
18290229.8613533,2047312.60864666,25,"Chile"
18338398.2043243,2030674.64567566,26,"Chile"
18386566.5472953,2014036.68270466,27,"Chile"
18434734.8902663,1997398.71973366,28,"Chile"
18482903.2332373,1980760.75676266,29,"Chile"
18531071.5762083,1964122.79379166,30,"Chile"
18557995.1080287,1945022.70597133,31,"Chile"
18584918.639849,1925922.618151,32,"Chile"
18611842.1716693,1906822.53033066,33,"Chile"
18638765.7034897,1887722.44251033,34,"Chile"
18665689.23531,1868622.35469,35,"Chile"
39347527.496184,9984879.093816,0,"Colombia"
39939783.0370272,9972760.8029728,1,"Colombia"
40532038.5778704,9960642.5121296,2,"Colombia"
41124294.1187136,9948524.2212864,3,"Colombia"
41716549.6595568,9936405.9304432,4,"Colombia"
42308805.2004,9924287.6396,5,"Colombia"
42905601.1189573,9863900.58504266,6,"Colombia"
43502397.0375147,9803513.53048533,7,"Colombia"
44099192.956072,9743126.475928,8,"Colombia"
44695988.8746293,9682739.42137066,9,"Colombia"
45292784.7931867,9622352.36681333,10,"Colombia"
45860197.1627333,9537466.29126666,11,"Colombia"
46427609.53228,9452580.21572,12,"Colombia"
46995021.9018267,9367694.14017333,13,"Colombia"
47562434.2713733,9282808.06462666,14,"Colombia"
48129846.64092,9197921.98907999,15,"Colombia"
48657151.8222753,9089504.56772466,16,"Colombia"
49184457.0036307,8981087.14636932,17,"Colombia"
49711762.184986,8872669.72501399,18,"Colombia"
50239067.3663413,8764252.30365866,19,"Colombia"
50766372.5476967,8655834.88230332,20,"Colombia"
51255277.0789165,8527389.32108355,21,"Colombia"
51744181.6101362,8398943.75986377,22,"Colombia"
52233086.141356,8270498.19864399,23,"Colombia"
52721990.6725758,8142052.63742421,24,"Colombia"
53210895.2037956,8013607.07620443,25,"Colombia"
53658865.4256509,7867731.1643491,26,"Colombia"
54106835.6475062,7721855.25249376,27,"Colombia"
54554805.8693616,7575979.34063843,28,"Colombia"
55002776.0912169,7430103.42878309,29,"Colombia"
55450746.3130722,7284227.51692776,30,"Colombia"
55845566.6158658,7122423.0921342,31,"Colombia"
56240386.9186594,6960618.66734065,32,"Colombia"
56635207.2214529,6798814.24254709,33,"Colombia"
57030027.5242465,6637009.81775354,34,"Colombia"
57424847.82704,6475205.39295998,35,"Colombia"
3843853.4411424,1157256.9428576,0,"Costa Rica"
3937920.93033192,1128199.69466808,1,"Costa Rica"
4031988.41952144,1099142.44647856,2,"Costa Rica"
4126055.90871096,1070085.19828904,3,"Costa Rica"
4220123.39790048,1041027.95009952,4,"Costa Rica"
4314190.88709,1011970.70191,5,"Costa Rica"
4414323.58532177,972667.906478233,6,"Costa Rica"
4514456.28355353,933365.111046466,7,"Costa Rica"
4614588.9817853,894062.3156147,8,"Costa Rica"
4714721.68001707,854759.520182933,9,"Costa Rica"
4814854.37824883,815456.724751166,10,"Costa Rica"
4916172.2556598,770181.8689402,11,"Costa Rica"
5017490.13307077,724907.013129233,12,"Costa Rica"
5118808.01048173,679632.157318266,13,"Costa Rica"
5220125.8878927,634357.301507299,14,"Costa Rica"
5321443.76530367,589082.445696333,15,"Costa Rica"
5422415.92318523,538433.296214766,16,"Costa Rica"
5523388.0810668,487784.146733199,17,"Costa Rica"
5624360.23894837,437134.997251633,18,"Costa Rica"
5725332.39682993,386485.847770066,19,"Costa Rica"
5826304.5547115,335836.698288499,20,"Costa Rica"
5926447.33825267,280591.062347333,21,"Costa Rica"
6026590.12179383,225345.426406166,22,"Costa Rica"
6126732.905335,170099.790464999,23,"Costa Rica"
6226875.68887617,114854.154523832,24,"Costa Rica"
6327018.47241734,59608.5185826658,25,"Costa Rica"
6363799.88679587,60840.1998041326,26,"Costa Rica"
6400581.3011744,62071.8810255995,27,"Costa Rica"
6437362.71555293,63303.5622470663,28,"Costa Rica"
6474144.12993147,64535.2434685332,29,"Costa Rica"
6510925.54431,65766.9246900001,30,"Costa Rica"
6542462.866104,66085.4834960001,31,"Costa Rica"
6574000.187898,66404.0423020001,32,"Costa Rica"
6605537.509692,66722.6011080001,33,"Costa Rica"
6637074.831486,67041.1599140001,34,"Costa Rica"
6668612.15328,67359.7187200001,35,"Costa Rica"
8267237.352432,2254892.407568,0,"Dominican Republic"
8450722.5124656,2180153.1395344,1,"Dominican Republic"
8634207.6724992,2105413.8715008,2,"Dominican Republic"
8817692.8325328,2030674.6034672,3,"Dominican Republic"
9001177.9925664,1955935.3354336,4,"Dominican Republic"
9184663.1526,1881196.0674,5,"Dominican Republic"
9371791.31576811,1793080.75823189,6,"Dominican Republic"
9558919.47893622,1704965.44906378,7,"Dominican Republic"
9746047.64210433,1616850.13989567,8,"Dominican Republic"
9933175.80527244,1528734.83072756,9,"Dominican Republic"
10120303.9684406,1440619.52155944,10,"Dominican Republic"
10307159.0695384,1342719.22446156,11,"Dominican Republic"
10494014.1706363,1244818.92736367,12,"Dominican Republic"
10680869.2717342,1146918.63026578,13,"Dominican Republic"
10867724.3728321,1049018.33316789,14,"Dominican Republic"
11054579.47393,951118.036070001,15,"Dominican Republic"
11237401.4580463,844718.611953668,16,"Dominican Republic"
11420223.4421627,738319.187837334,17,"Dominican Republic"
11603045.426279,631919.763721001,18,"Dominican Republic"
11785867.4103953,525520.339604667,19,"Dominican Republic"
11968689.3945117,419120.915488334,20,"Dominican Republic"
12088789.3918293,360689.034170667,21,"Dominican Republic"
12208889.389147,302257.152853,22,"Dominican Republic"
12328989.3864647,243825.271535334,23,"Dominican Republic"
12449089.3837823,185393.390217667,24,"Dominican Republic"
12569189.3811,126961.5089,25,"Dominican Republic"
12618215.04636,127456.71764,26,"Dominican Republic"
12667240.71162,127951.92638,27,"Dominican Republic"
12716266.37688,128447.13512,28,"Dominican Republic"
12765292.04214,128942.34386,29,"Dominican Republic"
12814317.7074,129437.5526,30,"Dominican Republic"
12851625.80592,129814.40208,31,"Dominican Republic"
12888933.90444,130191.25156,32,"Dominican Republic"
12926242.00296,130568.10104,33,"Dominican Republic"
12963550.10148,130944.95052,34,"Dominican Republic"
13000858.2,131321.8,35,"Dominican Republic"
9786072.58014,5649373.12986,0,"Ecuador"
9921311.743472,5696503.698528,1,"Ecuador"
10056550.906804,5743634.267196,2,"Ecuador"
10191790.070136,5790764.835864,3,"Ecuador"
10327029.233468,5837895.404532,4,"Ecuador"
10462268.3968,5885025.9732,5,"Ecuador"
10593858.9139267,5924698.15807333,6,"Ecuador"
10725449.4310533,5964370.34294667,7,"Ecuador"
10857039.94818,6004042.52782,8,"Ecuador"
10988630.4653067,6043714.71269333,9,"Ecuador"
11120220.9824333,6083386.89756667,10,"Ecuador"
11242756.0802522,6114889.99374778,11,"Ecuador"
11365291.1780711,6146393.08992889,12,"Ecuador"
11487826.27589,6177896.18611,13,"Ecuador"
11610361.3737089,6209399.28229111,14,"Ecuador"
11732896.4715278,6240902.37847222,15,"Ecuador"
11845349.8901306,6264206.57986944,16,"Ecuador"
11957803.3087333,6287510.78126666,17,"Ecuador"
12070256.7273361,6310814.98266389,18,"Ecuador"
12182710.1459389,6334119.18406111,19,"Ecuador"
12295163.5645417,6357423.38545833,20,"Ecuador"
12397141.25916,6372857.12684,21,"Ecuador"
12499118.9537783,6388290.86822166,22,"Ecuador"
12601096.6483967,6403724.60960333,23,"Ecuador"
12703074.343015,6419158.350985,24,"Ecuador"
12805052.0376333,6434592.09236666,25,"Ecuador"
12893762.4043756,6441315.77162444,26,"Ecuador"
12982472.7711178,6448039.45088222,27,"Ecuador"
13071183.13786,6454763.13014,28,"Ecuador"
13159893.5046022,6461486.80939777,29,"Ecuador"
13248603.8713444,6468210.48865555,30,"Ecuador"
13324305.4401622,6466967.68383777,31,"Ecuador"
13400007.00898,6465724.87902,32,"Ecuador"
13475708.5777978,6464482.07420222,33,"Ecuador"
13551410.1466156,6463239.26938444,34,"Ecuador"
13627111.7154333,6461996.46456666,35,"Ecuador"
7989207.64757,7998800.45243,0,"Guatemala"
8211910.687016,8079543.040984,1,"Guatemala"
8434613.726462,8160285.629538,2,"Guatemala"
8657316.765908,8241028.218092,3,"Guatemala"
8880019.805354,8321770.806646,4,"Guatemala"
9102722.8448,8402513.3952,5,"Guatemala"
9325668.64172,8474477.68628,6,"Guatemala"
9548614.43864,8546441.97736,7,"Guatemala"
9771560.23556,8618406.26844,8,"Guatemala"
9994506.03248,8690370.55952,9,"Guatemala"
10217451.8294,8762334.8506,10,"Guatemala"
10445315.8372067,8818790.82479333,11,"Guatemala"
10673179.8450133,8875246.79898667,12,"Guatemala"
10901043.85282,8931702.77318,13,"Guatemala"
11128907.8606267,8988158.74737333,14,"Guatemala"
11356771.8684333,9044614.72156666,15,"Guatemala"
11583649.4715467,9082211.06445333,16,"Guatemala"
11810527.07466,9119807.40734,17,"Guatemala"
12037404.6777733,9157403.75022667,18,"Guatemala"
12264282.2808867,9195000.09311333,19,"Guatemala"
12491159.884,9232596.436,20,"Guatemala"
12711695.3776933,9249502.04430667,21,"Guatemala"
12932230.8713867,9266407.65261333,22,"Guatemala"
13152766.36508,9283313.26092,23,"Guatemala"
13373301.8587733,9300218.86922667,24,"Guatemala"
13593837.3524667,9317124.47753333,25,"Guatemala"
13810905.68862,9317595.33938,26,"Guatemala"
14027974.0247733,9318066.20122666,27,"Guatemala"
14245042.3609267,9318537.06307333,28,"Guatemala"
14462110.69708,9319007.92492,29,"Guatemala"
14679179.0332333,9319478.78676666,30,"Guatemala"
14888994.7750667,9303029.17693333,31,"Guatemala"
15098810.5169,9286579.5671,32,"Guatemala"
15308626.2587333,9270129.95726666,33,"Guatemala"
15518442.0005667,9253680.34743333,34,"Guatemala"
15728257.7424,9237230.7376,35,"Guatemala"
201746.7969268,561289.5000732,0,"Guyana"
203208.93192344,562077.49227656,1,"Guyana"
204671.06692008,562865.48447992,2,"Guyana"
206133.20191672,563653.47668328,3,"Guyana"
207595.33691336,564441.46888664,4,"Guyana"
209057.47191,565229.46109,5,"Guyana"
209973.33262,565775.80558,6,"Guyana"
210889.19333,566322.15007,7,"Guyana"
211805.05404,566868.49456,8,"Guyana"
212720.91475,567414.83905,9,"Guyana"
213636.77546,567961.18354,10,"Guyana"
214192.441418667,567530.580181333,11,"Guyana"
214748.107377333,567099.976822667,12,"Guyana"
215303.773336,566669.373464,13,"Guyana"
215859.439294667,566238.770105333,14,"Guyana"
216415.105253333,565808.166746667,15,"Guyana"
216638.325946667,564519.726453333,16,"Guyana"
216861.54664,563231.28616,17,"Guyana"
217084.767333333,561942.845866667,18,"Guyana"
217307.988026667,560654.405573333,19,"Guyana"
217531.20872,559365.96528,20,"Guyana"
217423.374192667,557265.214007333,21,"Guyana"
217315.539665333,555164.462734667,22,"Guyana"
217207.705138,553063.711462,23,"Guyana"
217099.870610667,550962.960189333,24,"Guyana"
216992.036083333,548862.208916667,25,"Guyana"
216611.255312,546133.628288,26,"Guyana"
216230.474540667,543405.047659333,27,"Guyana"
215849.693769333,540676.467030667,28,"Guyana"
215468.912998,537947.886402,29,"Guyana"
215088.132226667,535219.305773333,30,"Guyana"
214538.703123333,532149.307076667,31,"Guyana"
213989.27402,529079.30838,32,"Guyana"
213439.844916667,526009.309683333,33,"Guyana"
212890.415813333,522939.310986667,34,"Guyana"
212340.98671,519869.31229,35,"Guyana"
4567483.2783608,3712943.2596392,0,"Honduras"
4689145.67630864,3719952.54309136,1,"Honduras"
4810808.07425648,3726961.82654352,2,"Honduras"
4932470.47220432,3733971.10999568,3,"Honduras"
5054132.87015216,3740980.39344784,4,"Honduras"
5175795.2681,3747989.6769,5,"Honduras"
5303003.891194,3740504.146806,6,"Honduras"
5430212.514288,3733018.616712,7,"Honduras"
5557421.137382,3725533.086618,8,"Honduras"
5684629.760476,3718047.556524,9,"Honduras"
5811838.38357,3710562.02643,10,"Honduras"
5938671.32563067,3691528.84436933,11,"Honduras"
6065504.26769133,3672495.66230867,12,"Honduras"
6192337.209752,3653462.480248,13,"Honduras"
6319170.15181267,3634429.29818733,14,"Honduras"
6446003.09387333,3615396.11612667,15,"Honduras"
6572692.35899067,3586546.06100933,16,"Honduras"
6699381.624108,3557696.005892,17,"Honduras"
6826070.88922533,3528845.95077467,18,"Honduras"
6952760.15434267,3499995.89565733,19,"Honduras"
7079449.41946,3471145.84054,20,"Honduras"
7204724.59857067,3433230.31142933,21,"Honduras"
7329999.77768133,3395314.78231867,22,"Honduras"
7455274.956792,3357399.253208,23,"Honduras"
7580550.13590267,3319483.72409733,24,"Honduras"
7705825.31501333,3281568.19498667,25,"Honduras"
7826420.720514,3234692.905486,26,"Honduras"
7947016.12601467,3187817.61598533,27,"Honduras"
8067611.53151533,3140942.32648467,28,"Honduras"
8188206.937016,3094067.036984,29,"Honduras"
8308802.34251667,3047191.74748333,30,"Honduras"
8423813.57928933,2992703.09071067,31,"Honduras"
8538824.816062,2938214.433938,32,"Honduras"
8653836.05283466,2883725.77716533,33,"Honduras"
8768847.28960733,2829237.12039267,34,"Honduras"
8883858.52638,2774748.46362,35,"Honduras"
5535431.879754,5022324.900246,0,"Haiti"
5689971.8951832,4969613.1628168,1,"Haiti"
5844511.9106124,4916901.4253876,2,"Haiti"
5999051.9260416,4864189.6879584,3,"Haiti"
6153591.9414708,4811477.9505292,4,"Haiti"
6308131.9569,4758766.2131,5,"Haiti"
6468304.21776167,4688551.16823833,6,"Haiti"
6628476.47862333,4618336.12337667,7,"Haiti"
6788648.739485,4548121.078515,8,"Haiti"
6948821.00034667,4477906.03365333,9,"Haiti"
7108993.26120833,4407690.98879167,10,"Haiti"
7268935.52832178,4324560.38767822,11,"Haiti"
7428877.79543522,4241429.78656478,12,"Haiti"
7588820.06254867,4158299.18545133,13,"Haiti"
7748762.32966211,4075168.58433789,14,"Haiti"
7908704.59677555,3992037.98322445,15,"Haiti"
8065463.50009211,3897415.49390789,16,"Haiti"
8222222.40340867,3802793.00459133,17,"Haiti"
8378981.30672522,3708170.51527478,18,"Haiti"
8535740.21004178,3613548.02595822,19,"Haiti"
8692499.11335833,3518925.53664167,20,"Haiti"
8846013.84073466,3415533.80526534,21,"Haiti"
8999528.568111,3312142.073889,22,"Haiti"
9153043.29548733,3208750.34251267,23,"Haiti"
9306558.02286367,3105358.61113633,24,"Haiti"
9460072.75024,3001966.87976,25,"Haiti"
9607244.54737589,2891174.91062411,26,"Haiti"
9754416.34451178,2780382.94148822,27,"Haiti"
9901588.14164766,2669590.97235234,28,"Haiti"
10048759.9387836,2558799.00321645,29,"Haiti"
10195931.7359194,2448007.03408056,30,"Haiti"
10333132.5596936,2331476.29030645,31,"Haiti"
10470333.3834677,2214945.54653234,32,"Haiti"
10607534.2072418,2098414.80275822,33,"Haiti"
10744735.0310159,1981884.05898411,34,"Haiti"
10881935.85479,1865353.31521,35,"Haiti"
1529976.040367,1260423.449633,0,"Jamaica"
1541645.3703096,1257932.3252904,1,"Jamaica"
1553314.7002522,1255441.2009478,2,"Jamaica"
1564984.0301948,1252950.0766052,3,"Jamaica"
1576653.3601374,1250458.9522626,4,"Jamaica"
1588322.69008,1247967.82792,5,"Jamaica"
1598461.6554092,1244155.1917908,6,"Jamaica"
1608600.6207384,1240342.5556616,7,"Jamaica"
1618739.5860676,1236529.9195324,8,"Jamaica"
1628878.5513968,1232717.2834032,9,"Jamaica"
1639017.516726,1228904.647274,10,"Jamaica"
1646989.6969912,1223292.6030088,11,"Jamaica"
1654961.8772564,1217680.5587436,12,"Jamaica"
1662934.0575216,1212068.5144784,13,"Jamaica"
1670906.2377868,1206456.4702132,14,"Jamaica"
1678878.418052,1200844.425948,15,"Jamaica"
1685077.5947367,1193931.7322633,16,"Jamaica"
1691276.7714214,1187019.0385786,17,"Jamaica"
1697475.9481061,1180106.3448939,18,"Jamaica"
1703675.1247908,1173193.6512092,19,"Jamaica"
1709874.3014755,1166280.9575245,20,"Jamaica"
1714414.1541224,1158316.5100776,21,"Jamaica"
1718954.0067693,1150352.0626307,22,"Jamaica"
1723493.8594162,1142387.6151838,23,"Jamaica"
1728033.7120631,1134423.1677369,24,"Jamaica"
1732573.56471,1126458.72029,25,"Jamaica"
1735554.5172675,1117656.1941325,26,"Jamaica"
1738535.469825,1108853.667975,27,"Jamaica"
1741516.4223825,1100051.1418175,28,"Jamaica"
1744497.37494,1091248.61566,29,"Jamaica"
1747478.3274975,1082446.0895025,30,"Jamaica"
1748439.816221,1072665.304379,31,"Jamaica"
1749401.3049445,1062884.5192555,32,"Jamaica"
1750362.793668,1053103.734132,33,"Jamaica"
1751324.2823915,1043322.9490085,34,"Jamaica"
1752285.771115,1033542.163885,35,"Jamaica"
95114245.64728,24858314.45272,0,"Mexico"
96533002.665824,24681596.214176,1,"Mexico"
97951759.684368,24504877.975632,2,"Mexico"
99370516.702912,24328159.737088,3,"Mexico"
100789273.721456,24151441.498544,4,"Mexico"
102208030.74,23974723.26,5,"Mexico"
103543169.30171,23765358.51829,6,"Mexico"
104878307.86342,23555993.77658,7,"Mexico"
106213446.42513,23346629.03487,8,"Mexico"
107548584.98684,23137264.29316,9,"Mexico"
108883723.54855,22927899.55145,10,"Mexico"
110138256.958213,22660494.3617866,11,"Mexico"
111392790.367877,22393089.1721233,12,"Mexico"
112647323.77754,22125683.98246,13,"Mexico"
113901857.187203,21858278.7927966,14,"Mexico"
115156390.596867,21590873.6031333,15,"Mexico"
116309654.168953,21269794.4310466,16,"Mexico"
117462917.74104,20948715.25896,17,"Mexico"
118616181.313127,20627636.0868733,18,"Mexico"
119769444.885213,20306556.9147867,19,"Mexico"
120922708.4573,19985477.7427,20,"Mexico"
121967891.391618,19618281.5683822,21,"Mexico"
123013074.325936,19251085.3940644,22,"Mexico"
124058257.260253,18883889.2197467,23,"Mexico"
125103440.194571,18516693.0454289,24,"Mexico"
126148623.128889,18149496.8711111,25,"Mexico"
127074969.294639,17743200.6053611,26,"Mexico"
128001315.460389,17336904.3396111,27,"Mexico"
128927661.626139,16930608.0738611,28,"Mexico"
129854007.791889,16524311.8081111,29,"Mexico"
130780353.957639,16118015.5423611,30,"Mexico"
131582086.783558,15680415.6764422,31,"Mexico"
132383819.609477,15242815.8105233,32,"Mexico"
133185552.435396,14805215.9446044,33,"Mexico"
133987285.261314,14367616.0786855,34,"Mexico"
134789018.087233,13930016.2127666,35,"Mexico"
3532228.4889451,2569392.6700549,0,"Nicaragua"
3576916.47646408,2577488.39193592,1,"Nicaragua"
3621604.46398306,2585584.11381694,2,"Nicaragua"
3666292.45150204,2593679.83569796,3,"Nicaragua"
3710980.43902102,2601775.55757898,4,"Nicaragua"
3755668.42654,2609871.27946,5,"Nicaragua"
3794865.9370177,2613687.7191823,6,"Nicaragua"
3834063.4474954,2617504.1589046,7,"Nicaragua"
3873260.9579731,2621320.5986269,8,"Nicaragua"
3912458.4684508,2625137.0383492,9,"Nicaragua"
3951655.9789285,2628953.4780715,10,"Nicaragua"
3986669.7576644,2628627.9135356,11,"Nicaragua"
4021683.5364003,2628302.3489997,12,"Nicaragua"
4056697.3151362,2627976.7844638,13,"Nicaragua"
4091711.0938721,2627651.2199279,14,"Nicaragua"
4126724.872608,2627325.655392,15,"Nicaragua"
4157164.5026349,2623042.2987651,16,"Nicaragua"
4187604.1326618,2618758.9421382,17,"Nicaragua"
4218043.7626887,2614475.5855113,18,"Nicaragua"
4248483.3927156,2610192.2288844,19,"Nicaragua"
4278923.0227425,2605908.8722575,20,"Nicaragua"
4304022.3965364,2597646.8826636,21,"Nicaragua"
4329121.7703303,2589384.8930697,22,"Nicaragua"
4354221.1441242,2581122.9034758,23,"Nicaragua"
4379320.5179181,2572860.9138819,24,"Nicaragua"
4404419.891712,2564598.924288,25,"Nicaragua"
4424487.8078846,2552987.0029154,26,"Nicaragua"
4444555.7240572,2541375.0815428,27,"Nicaragua"
4464623.6402298,2529763.1601702,28,"Nicaragua"
4484691.5564024,2518151.2387976,29,"Nicaragua"
4504759.472575,2506539.317425,30,"Nicaragua"
4519792.6413232,2491980.0250768,31,"Nicaragua"
4534825.8100714,2477420.7327286,32,"Nicaragua"
4549858.9788196,2462861.4403804,33,"Nicaragua"
4564892.1475678,2448302.1480322,34,"Nicaragua"
4579925.316316,2433742.855684,35,"Nicaragua"
2518317.957047,1257271.183953,0,"Panama"
2561643.5062376,1263223.6015624,1,"Panama"
2604969.0554282,1269176.0191718,2,"Panama"
2648294.6046188,1275128.4367812,3,"Panama"
2691620.1538094,1281080.8543906,4,"Panama"
2734945.703,1287033.272,5,"Panama"
2779026.77327644,1289969.96272356,6,"Panama"
2823107.84355289,1292906.65344711,7,"Panama"
2867188.91382933,1295843.34417067,8,"Panama"
2911269.98410578,1298780.03489422,9,"Panama"
2955351.05438222,1301716.72561778,10,"Panama"
2998583.15491076,1302416.23888924,11,"Panama"
3041815.25543929,1303115.75216071,12,"Panama"
3085047.35596782,1303815.26543218,13,"Panama"
3128279.45649636,1304514.77870364,14,"Panama"
3171511.55702489,1305214.29197511,15,"Panama"
3212528.74883431,1303334.63776569,16,"Panama"
3253545.94064373,1301454.98355627,17,"Panama"
3294563.13245316,1299575.32934684,18,"Panama"
3335580.32426258,1297695.67513742,19,"Panama"
3376597.516072,1295816.020928,20,"Panama"
3415416.95303911,1291640.90636089,21,"Panama"
3454236.39000622,1287465.79179378,22,"Panama"
3493055.82697333,1283290.67722667,23,"Panama"
3531875.26394044,1279115.56265955,24,"Panama"
3570694.70090756,1274940.44809244,25,"Panama"
3606329.09487716,1268397.96032284,26,"Panama"
3641963.48884676,1261855.47255324,27,"Panama"
3677597.88281636,1255312.98478364,28,"Panama"
3713232.27678596,1248770.49701404,29,"Panama"
3748866.67075556,1242228.00924444,30,"Panama"
3780983.46191911,1233525.72108089,31,"Panama"
3813100.25308267,1224823.43291733,32,"Panama"
3845217.04424622,1216121.14475378,33,"Panama"
3877333.83540978,1207418.85659022,34,"Panama"
3909450.62657333,1198716.56842667,35,"Panama"
23490161.08472,6874576.61528,0,"Peru"
23696608.061416,6882975.936584,1,"Peru"
23903055.038112,6891375.257888,2,"Peru"
24109502.014808,6899774.579192,3,"Peru"
24315948.991504,6908173.900496,4,"Peru"
24522395.9682,6916573.2218,5,"Peru"
24710801.561104,6906160.654896,6,"Peru"
24899207.154008,6895748.087992,7,"Peru"
25087612.746912,6885335.521088,8,"Peru"
25276018.339816,6874922.954184,9,"Peru"
25464423.93272,6864510.38728,10,"Peru"
25627324.9006613,6844103.05133866,11,"Peru"
25790225.8686027,6823695.71539733,12,"Peru"
25953126.836544,6803288.379456,13,"Peru"
26116027.8044853,6782881.04351466,14,"Peru"
26278928.7724267,6762473.70757333,15,"Peru"
26409840.1608013,6731497.44319866,16,"Peru"
26540751.549176,6700521.178824,17,"Peru"
26671662.9375507,6669544.91444933,18,"Peru"
26802574.3259253,6638568.65007466,19,"Peru"
26933485.7143,6607592.3857,20,"Peru"
27034847.9883573,6567824.62764267,21,"Peru"
27136210.2624147,6528056.86958533,22,"Peru"
27237572.536472,6488289.111528,23,"Peru"
27338934.8105293,6448521.35347066,24,"Peru"
27440297.0845867,6408753.59541333,25,"Peru"
27509826.0816093,6360764.86639066,26,"Peru"
27579355.078632,6312776.137368,27,"Peru"
27648884.0756547,6264787.40834533,28,"Peru"
27718413.0726773,6216798.67932266,29,"Peru"
27787942.0697,6168809.9503,30,"Peru"
27824410.774956,6113457.087044,31,"Peru"
27860879.480212,6058104.223788,32,"Peru"
27897348.185468,6002751.360532,33,"Peru"
27933816.890724,5947398.497276,34,"Peru"
27970285.59598,5892045.63402,35,"Peru"
4243972.295295,2741990.330705,0,"Paraguay"
4325400.208784,2763728.557416,1,"Paraguay"
4406828.122273,2785466.784127,2,"Paraguay"
4488256.035762,2807205.010838,3,"Paraguay"
4569683.949251,2828943.237549,4,"Paraguay"
4651111.86274,2850681.46426,5,"Paraguay"
4732521.3066868,2865946.5681132,6,"Paraguay"
4813930.7506336,2881211.6719664,7,"Paraguay"
4895340.1945804,2896476.7758196,8,"Paraguay"
4976749.6385272,2911741.8796728,9,"Paraguay"
5058159.082474,2927006.983526,10,"Paraguay"
5136766.07986489,2936723.92253511,11,"Paraguay"
5215373.07725578,2946440.86154422,12,"Paraguay"
5293980.07464667,2956157.80055333,13,"Paraguay"
5372587.07203756,2965874.73956244,14,"Paraguay"
5451194.06942844,2975591.67857156,15,"Paraguay"
5527095.00004955,2980320.08675044,16,"Paraguay"
5602995.93067067,2985048.49492933,17,"Paraguay"
5678896.86129178,2989776.90310822,18,"Paraguay"
5754797.79191289,2994505.31128711,19,"Paraguay"
5830698.722534,2999233.719466,20,"Paraguay"
5902905.72373991,2998955.91446009,21,"Paraguay"
5975112.72494582,2998678.10945418,22,"Paraguay"
6047319.72615173,2998400.30444827,23,"Paraguay"
6119526.72735765,2998122.49944236,24,"Paraguay"
6191733.72856356,2997844.69443644,25,"Paraguay"
6259008.33885607,2992507.62574393,26,"Paraguay"
6326282.94914858,2987170.55705142,27,"Paraguay"
6393557.55944109,2981833.48835891,28,"Paraguay"
6460832.1697336,2976496.4196664,29,"Paraguay"
6528106.78002611,2971159.35097389,30,"Paraguay"
6589737.29972662,2961034.13367338,31,"Paraguay"
6651367.81942713,2950908.91637287,32,"Paraguay"
6712998.33912764,2940783.69907236,33,"Paraguay"
6774628.85882816,2930658.48177184,34,"Paraguay"
6836259.37852867,2920533.26447133,35,"Paraguay"
4393785.873469,1910067.603531,0,"El Salvador"
4446966.1735692,1872743.2858308,1,"El Salvador"
4500146.4736694,1835418.9681306,2,"El Salvador"
4553326.7737696,1798094.6504304,3,"El Salvador"
4606507.0738698,1760770.3327302,4,"El Salvador"
4659687.37397,1723446.01503,5,"El Salvador"
4711438.80104698,1677489.88695302,6,"El Salvador"
4763190.22812396,1631533.75887604,7,"El Salvador"
4814941.65520093,1585577.63079907,8,"El Salvador"
4866693.08227791,1539621.50272209,9,"El Salvador"
4918444.50935489,1493665.37464511,10,"El Salvador"
4963309.13377618,1445497.43262382,11,"El Salvador"
5008173.75819747,1397329.49060253,12,"El Salvador"
5053038.38261876,1349161.54858124,13,"El Salvador"
5097903.00704004,1300993.60655996,14,"El Salvador"
5142767.63146133,1252825.66453867,15,"El Salvador"
5182994.45026003,1204073.02793997,16,"El Salvador"
5223221.26905873,1155320.39134127,17,"El Salvador"
5263448.08785743,1106567.75474257,18,"El Salvador"
5303674.90665613,1057815.11814387,19,"El Salvador"
5343901.72545483,1009062.48154517,20,"El Salvador"
5380029.12732564,960460.877274356,21,"El Salvador"
5416156.52919646,911859.273003545,22,"El Salvador"
5452283.93106727,863257.668732734,23,"El Salvador"
5488411.33293808,814656.064461923,24,"El Salvador"
5524538.73480889,766054.460191112,25,"El Salvador"
5554582.81162711,717899.806772889,26,"El Salvador"
5584626.88844533,669745.153354667,27,"El Salvador"
5614670.96526355,621590.499936445,28,"El Salvador"
5644715.04208178,573435.846518223,29,"El Salvador"
5674759.1189,525281.193100001,30,"El Salvador"
5697941.93330213,478192.491497867,31,"El Salvador"
5721124.74770427,431103.789895734,32,"El Salvador"
5744307.5621064,384015.088293601,33,"El Salvador"
5767490.37650853,336926.386691467,34,"El Salvador"
5790673.19091067,289837.685089334,35,"El Salvador"
362385.0737964,186184.5202036,0,"Suriname"
365400.98331312,187837.91048688,1,"Suriname"
368416.89282984,189491.30077016,2,"Suriname"
371432.80234656,191144.69105344,3,"Suriname"
374448.71186328,192798.08133672,4,"Suriname"
377464.62138,194451.47162,5,"Suriname"
381982.552308431,194243.104291569,6,"Suriname"
386500.483236862,194034.736963138,7,"Suriname"
391018.414165294,193826.369634706,8,"Suriname"
395536.345093725,193618.002306275,9,"Suriname"
400054.276022156,193409.634977844,10,"Suriname"
404369.670536581,192932.909863419,11,"Suriname"
408685.065051006,192456.184748994,12,"Suriname"
413000.459565432,191979.459634568,13,"Suriname"
417315.854079857,191502.734520143,14,"Suriname"
421631.248594282,191026.009405718,15,"Suriname"
425635.168331467,190263.111668533,16,"Suriname"
429639.088068651,189500.213931349,17,"Suriname"
433643.007805836,188737.316194164,18,"Suriname"
437646.92754302,187974.418456979,19,"Suriname"
441650.847280205,187211.520719795,20,"Suriname"
445270.151772718,186168.785827282,21,"Suriname"
448889.456265231,185126.050934769,22,"Suriname"
452508.760757744,184083.316042256,23,"Suriname"
456128.065250256,183040.581149744,24,"Suriname"
459747.369742769,181997.846257231,25,"Suriname"
463023.659822527,180729.098177473,26,"Suriname"
466299.949902286,179460.350097715,27,"Suriname"
469576.239982044,178191.602017956,28,"Suriname"
472852.530061802,176922.853938198,29,"Suriname"
476128.82014156,175654.10585844,30,"Suriname"
479099.996695925,174204.671304075,31,"Suriname"
482071.17325029,172755.23674971,32,"Suriname"
485042.349804655,171305.802195345,33,"Suriname"
488013.52635902,169856.36764098,34,"Suriname"
490984.702913385,168406.933086615,35,"Suriname"
725517.756538,635168.208462,0,"Trinidad and Tobago"
725795.3349824,637057.4554176,1,"Trinidad and Tobago"
726072.9134268,638946.7023732,2,"Trinidad and Tobago"
726350.4918712,640835.9493288,3,"Trinidad and Tobago"
726628.0703156,642725.1962844,4,"Trinidad and Tobago"
726905.64876,644614.44324,5,"Trinidad and Tobago"
730708.818518334,640692.482681666,6,"Trinidad and Tobago"
734511.988276668,636770.522123332,7,"Trinidad and Tobago"
738315.158035003,632848.561564997,8,"Trinidad and Tobago"
742118.327793337,628926.601006663,9,"Trinidad and Tobago"
745921.497551671,625004.640448329,10,"Trinidad and Tobago"
748609.631614254,620206.164185746,11,"Trinidad and Tobago"
751297.765676837,615407.687923163,12,"Trinidad and Tobago"
753985.89973942,610609.21166058,13,"Trinidad and Tobago"
756674.033802003,605810.735397997,14,"Trinidad and Tobago"
759362.167864586,601012.259135414,15,"Trinidad and Tobago"
761243.839954947,595715.078245053,16,"Trinidad and Tobago"
763125.512045308,590417.897354692,17,"Trinidad and Tobago"
765007.184135669,585120.716464331,18,"Trinidad and Tobago"
766888.85622603,579823.53557397,19,"Trinidad and Tobago"
768770.528316391,574526.354683609,20,"Trinidad and Tobago"
769709.127447171,568728.266152829,21,"Trinidad and Tobago"
770647.726577951,562930.177622049,22,"Trinidad and Tobago"
771586.325708731,557132.089091269,23,"Trinidad and Tobago"
772524.924839511,551334.000560489,24,"Trinidad and Tobago"
773463.523970291,545535.912029709,25,"Trinidad and Tobago"
773307.760239668,539237.985360332,26,"Trinidad and Tobago"
773151.996509046,532940.058690954,27,"Trinidad and Tobago"
772996.232778424,526642.132021576,28,"Trinidad and Tobago"
772840.469047802,520344.205352198,29,"Trinidad and Tobago"
772684.70531718,514046.27868282,30,"Trinidad and Tobago"
771374.444809595,507320.529990405,31,"Trinidad and Tobago"
770064.18430201,500594.78129799,32,"Trinidad and Tobago"
768753.923794426,493869.032605574,33,"Trinidad and Tobago"
767443.663286841,487143.283913159,34,"Trinidad and Tobago"
766133.402779256,480417.535220743,35,"Trinidad and Tobago"
3233446.4420465,168390.9509535,0,"Uruguay"
3244552.7922292,162120.9123708,1,"Uruguay"
3255659.1424119,155850.8737881,2,"Uruguay"
3266765.4925946,149580.8352054,3,"Uruguay"
3277871.8427773,143310.7966227,4,"Uruguay"
3288978.19296,137040.75804,5,"Uruguay"
3297568.75897703,131859.507222967,6,"Uruguay"
3306159.32499407,126678.256405934,7,"Uruguay"
3314749.8910111,121497.0055889,8,"Uruguay"
3323340.45702813,116315.754771867,9,"Uruguay"
3331931.02304517,111134.503954834,10,"Uruguay"
3338469.43060444,105847.612195556,11,"Uruguay"
3345007.83816372,100560.720436278,12,"Uruguay"
3351546.245723,95273.8286770003,13,"Uruguay"
3358084.65328228,89986.9369177226,14,"Uruguay"
3364623.06084156,84700.0451584448,15,"Uruguay"
3368293.02961554,79344.3813844559,16,"Uruguay"
3371962.99838953,73988.7176104671,17,"Uruguay"
3375632.96716352,68633.0538364782,18,"Uruguay"
3379302.93593751,63277.3900624894,19,"Uruguay"
3382972.9047115,57921.7262885005,20,"Uruguay"
3383789.74407907,52566.1023209339,21,"Uruguay"
3384606.58344663,47210.4783533672,22,"Uruguay"
3385423.4228142,41854.8543858006,23,"Uruguay"
3386240.26218177,36499.2304182339,24,"Uruguay"
3387057.10154933,31143.6064506673,25,"Uruguay"
3385142.94653836,25854.3806616452,26,"Uruguay"
3383228.79152738,20565.154872623,27,"Uruguay"
3381314.6365164,15275.9290836009,28,"Uruguay"
3379400.48150542,9986.70329457879,29,"Uruguay"
3377486.32649444,4697.47750555667,30,"Uruguay"
3361812.59917355,10422.8662264453,31,"Uruguay"
3346138.87185267,16148.254947334,32,"Uruguay"
3330465.14453178,21873.6436682227,33,"Uruguay"
3314791.41721089,27599.0323891114,34,"Uruguay"
3299117.68989,33324.42111,35,"Uruguay"
27471024.983805,3692928.486195,0,"Venezuela"
27820603.129604,3751222.308396,1,"Venezuela"
28170181.275403,3809516.130597,2,"Venezuela"
28519759.421202,3867809.952798,3,"Venezuela"
28869337.567001,3926103.774999,4,"Venezuela"
29218915.7128,3984397.5972,5,"Venezuela"
29653337.5317937,3931124.95020631,6,"Venezuela"
30087759.3507874,3877852.30321262,7,"Venezuela"
30522181.1697811,3824579.65621894,8,"Venezuela"
30956602.9887748,3771307.00922525,9,"Venezuela"
31391024.8077684,3718034.36223156,10,"Venezuela"
31808828.826185,3651246.82781498,11,"Venezuela"
32226632.8446016,3584459.2933984,12,"Venezuela"
32644436.8630182,3517671.75898183,13,"Venezuela"
33062240.8814348,3450884.22456525,14,"Venezuela"
33480044.8998513,3384096.69014867,15,"Venezuela"
33868305.2371669,3304087.36883313,16,"Venezuela"
34256565.5744824,3224078.04751759,17,"Venezuela"
34644825.911798,3144068.72620205,18,"Venezuela"
35033086.2491135,3064059.4048865,19,"Venezuela"
35421346.586429,2984050.08357096,20,"Venezuela"
35777479.2143729,2892575.37362713,21,"Venezuela"
36133611.8423167,2801100.6636833,22,"Venezuela"
36489744.4702605,2709625.95373946,23,"Venezuela"
36845877.0982044,2618151.24379563,24,"Venezuela"
37202009.7261482,2526676.53385179,25,"Venezuela"
37524351.5231651,2425589.90083494,26,"Venezuela"
37846693.3201819,2324503.26781808,27,"Venezuela"
38169035.1171988,2223416.63480123,28,"Venezuela"
38491376.9142156,2122330.00178437,29,"Venezuela"
38813718.7112325,2021243.36876752,30,"Venezuela"
39098431.8435531,1912307.34444689,31,"Venezuela"
39383144.9758737,1803371.32012625,32,"Venezuela"
39667858.1081944,1694435.29580562,33,"Venezuela"
39952571.240515,1585499.27148499,34,"Venezuela"
40237284.3728357,1476563.24716436,35,"Venezuela"
